employeeId,empName,empDept
1,Raju1,QA
2,Raju2,Dev
3,Raju3,QA1
4,Raju4,Dev2
5,Raju5,QA2
6,Raju6,Dev3
7,Raju7,QA3
8,Raju8,Dev4
9,Raju9,QA4
10,Raju10,Dev5
11,Raju11,QA5
12,Raju12,Dev6
13,Raju13,QA6
14,Raju14,Dev7
15,Raju15,QA7
16,Raju16,Dev8
17,Raju17,QA8
18,Raju18,Dev9
19,Raju19,QA9
20,Raju20,Dev10
21,Raju21,QA10
22,Raju22,Dev11
23,Raju23,QA11
24,Raju24,Dev12
25,Raju25,QA12
26,Raju26,Dev13
27,Raju27,QA13
28,Raju28,Dev14
29,Raju29,QA14
30,Raju30,Dev15
31,Raju31,QA15
32,Raju32,Dev16
33,Raju33,QA16
34,Raju34,Dev17
35,Raju35,QA17
36,Raju36,Dev18
37,Raju37,QA18
38,Raju38,Dev19
39,Raju39,QA19
40,Raju40,Dev20
41,Raju41,QA20
42,Raju42,Dev21
43,Raju43,QA21
44,Raju44,Dev22
45,Raju45,QA22
46,Raju46,Dev23
47,Raju47,QA23
48,Raju48,Dev24
49,Raju49,QA24
50,Raju50,Dev25
51,Raju51,QA25
52,Raju52,Dev26
53,Raju53,QA26
54,Raju54,Dev27
55,Raju55,QA27
56,Raju56,Dev28
57,Raju57,QA28
58,Raju58,Dev29
59,Raju59,QA29
60,Raju60,Dev30
61,Raju61,QA30
62,Raju62,Dev31
63,Raju63,QA31
64,Raju64,Dev32
65,Raju65,QA32
66,Raju66,Dev33
67,Raju67,QA33
68,Raju68,Dev34
69,Raju69,QA34
70,Raju70,Dev35
71,Raju71,QA35
72,Raju72,Dev36
73,Raju73,QA36
74,Raju74,Dev37
75,Raju75,QA37
76,Raju76,Dev38
77,Raju77,QA38
78,Raju78,Dev39
79,Raju79,QA39
80,Raju80,Dev40
81,Raju81,QA40
82,Raju82,Dev41
83,Raju83,QA41
84,Raju84,Dev42
85,Raju85,QA42
86,Raju86,Dev43
87,Raju87,QA43
88,Raju88,Dev44
89,Raju89,QA44
90,Raju90,Dev45
91,Raju91,QA45
92,Raju92,Dev46
93,Raju93,QA46
94,Raju94,Dev47
95,Raju95,QA47
96,Raju96,Dev48
97,Raju97,QA48
98,Raju98,Dev49
99,Raju99,QA49
100,Raju100,Dev50
101,Raju101,QA50
102,Raju102,Dev51
103,Raju103,QA51
104,Raju104,Dev52
105,Raju105,QA52
106,Raju106,Dev53
107,Raju107,QA53
108,Raju108,Dev54
109,Raju109,QA54
110,Raju110,Dev55
111,Raju111,QA55
112,Raju112,Dev56
113,Raju113,QA56
114,Raju114,Dev57
115,Raju115,QA57
116,Raju116,Dev58
117,Raju117,QA58
118,Raju118,Dev59
119,Raju119,QA59
120,Raju120,Dev60
121,Raju121,QA60
122,Raju122,Dev61
123,Raju123,QA61
124,Raju124,Dev62
125,Raju125,QA62
126,Raju126,Dev63
127,Raju127,QA63
128,Raju128,Dev64
129,Raju129,QA64
130,Raju130,Dev65
131,Raju131,QA65
132,Raju132,Dev66
133,Raju133,QA66
134,Raju134,Dev67
135,Raju135,QA67
136,Raju136,Dev68
137,Raju137,QA68
138,Raju138,Dev69
139,Raju139,QA69
140,Raju140,Dev70
141,Raju141,QA70
142,Raju142,Dev71
143,Raju143,QA71
144,Raju144,Dev72
145,Raju145,QA72
146,Raju146,Dev73
147,Raju147,QA73
148,Raju148,Dev74
149,Raju149,QA74
150,Raju150,Dev75
151,Raju151,QA75
152,Raju152,Dev76
153,Raju153,QA76
154,Raju154,Dev77
155,Raju155,QA77
156,Raju156,Dev78
157,Raju157,QA78
158,Raju158,Dev79
159,Raju159,QA79
160,Raju160,Dev80
161,Raju161,QA80
162,Raju162,Dev81
163,Raju163,QA81
164,Raju164,Dev82
165,Raju165,QA82
166,Raju166,Dev83
167,Raju167,QA83
168,Raju168,Dev84
169,Raju169,QA84
170,Raju170,Dev85
171,Raju171,QA85
172,Raju172,Dev86
173,Raju173,QA86
174,Raju174,Dev87
175,Raju175,QA87
176,Raju176,Dev88
177,Raju177,QA88
178,Raju178,Dev89
179,Raju179,QA89
180,Raju180,Dev90
181,Raju181,QA90
182,Raju182,Dev91
183,Raju183,QA91
184,Raju184,Dev92
185,Raju185,QA92
186,Raju186,Dev93
187,Raju187,QA93
188,Raju188,Dev94
189,Raju189,QA94
190,Raju190,Dev95
191,Raju191,QA95
192,Raju192,Dev96
193,Raju193,QA96
194,Raju194,Dev97
195,Raju195,QA97
196,Raju196,Dev98
197,Raju197,QA98
198,Raju198,Dev99
199,Raju199,QA99
200,Raju200,Dev100
201,Raju201,QA100
202,Raju202,Dev101
203,Raju203,QA101
204,Raju204,Dev102
205,Raju205,QA102
206,Raju206,Dev103
207,Raju207,QA103
208,Raju208,Dev104
209,Raju209,QA104
210,Raju210,Dev105
211,Raju211,QA105
212,Raju212,Dev106
213,Raju213,QA106
214,Raju214,Dev107
215,Raju215,QA107
216,Raju216,Dev108
217,Raju217,QA108
218,Raju218,Dev109
219,Raju219,QA109
220,Raju220,Dev110
221,Raju221,QA110
222,Raju222,Dev111
223,Raju223,QA111
224,Raju224,Dev112
225,Raju225,QA112
226,Raju226,Dev113
227,Raju227,QA113
228,Raju228,Dev114
229,Raju229,QA114
230,Raju230,Dev115
231,Raju231,QA115
232,Raju232,Dev116
233,Raju233,QA116
234,Raju234,Dev117
235,Raju235,QA117
236,Raju236,Dev118
237,Raju237,QA118
238,Raju238,Dev119
239,Raju239,QA119
240,Raju240,Dev120
241,Raju241,QA120
242,Raju242,Dev121
243,Raju243,QA121
244,Raju244,Dev122
245,Raju245,QA122
246,Raju246,Dev123
247,Raju247,QA123
248,Raju248,Dev124
249,Raju249,QA124
250,Raju250,Dev125
251,Raju251,QA125
252,Raju252,Dev126
253,Raju253,QA126
254,Raju254,Dev127
255,Raju255,QA127
256,Raju256,Dev128
257,Raju257,QA128
258,Raju258,Dev129
259,Raju259,QA129
260,Raju260,Dev130
261,Raju261,QA130
262,Raju262,Dev131
263,Raju263,QA131
264,Raju264,Dev132
265,Raju265,QA132
266,Raju266,Dev133
267,Raju267,QA133
268,Raju268,Dev134
269,Raju269,QA134
270,Raju270,Dev135
271,Raju271,QA135
272,Raju272,Dev136
273,Raju273,QA136
274,Raju274,Dev137
275,Raju275,QA137
276,Raju276,Dev138
277,Raju277,QA138
278,Raju278,Dev139
279,Raju279,QA139
280,Raju280,Dev140
281,Raju281,QA140
282,Raju282,Dev141
283,Raju283,QA141
284,Raju284,Dev142
285,Raju285,QA142
286,Raju286,Dev143
287,Raju287,QA143
288,Raju288,Dev144
289,Raju289,QA144
290,Raju290,Dev145
291,Raju291,QA145
292,Raju292,Dev146
293,Raju293,QA146
294,Raju294,Dev147
295,Raju295,QA147
296,Raju296,Dev148
297,Raju297,QA148
298,Raju298,Dev149
299,Raju299,QA149
300,Raju300,Dev150
301,Raju301,QA150
302,Raju302,Dev151
303,Raju303,QA151
304,Raju304,Dev152
305,Raju305,QA152
306,Raju306,Dev153
307,Raju307,QA153
308,Raju308,Dev154
309,Raju309,QA154
310,Raju310,Dev155
311,Raju311,QA155
312,Raju312,Dev156
313,Raju313,QA156
314,Raju314,Dev157
315,Raju315,QA157
316,Raju316,Dev158
317,Raju317,QA158
318,Raju318,Dev159
319,Raju319,QA159
320,Raju320,Dev160
321,Raju321,QA160
322,Raju322,Dev161
323,Raju323,QA161
324,Raju324,Dev162
325,Raju325,QA162
326,Raju326,Dev163
327,Raju327,QA163
328,Raju328,Dev164
329,Raju329,QA164
330,Raju330,Dev165
331,Raju331,QA165
332,Raju332,Dev166
333,Raju333,QA166
334,Raju334,Dev167
335,Raju335,QA167
336,Raju336,Dev168
337,Raju337,QA168
338,Raju338,Dev169
339,Raju339,QA169
340,Raju340,Dev170
341,Raju341,QA170
342,Raju342,Dev171
343,Raju343,QA171
344,Raju344,Dev172
345,Raju345,QA172
346,Raju346,Dev173
347,Raju347,QA173
348,Raju348,Dev174
349,Raju349,QA174
350,Raju350,Dev175
351,Raju351,QA175
352,Raju352,Dev176
353,Raju353,QA176
354,Raju354,Dev177
355,Raju355,QA177
356,Raju356,Dev178
357,Raju357,QA178
358,Raju358,Dev179
359,Raju359,QA179
360,Raju360,Dev180
361,Raju361,QA180
362,Raju362,Dev181
363,Raju363,QA181
364,Raju364,Dev182
365,Raju365,QA182
366,Raju366,Dev183
367,Raju367,QA183
368,Raju368,Dev184
369,Raju369,QA184
370,Raju370,Dev185
371,Raju371,QA185
372,Raju372,Dev186
373,Raju373,QA186
374,Raju374,Dev187
375,Raju375,QA187
376,Raju376,Dev188
377,Raju377,QA188
378,Raju378,Dev189
379,Raju379,QA189
380,Raju380,Dev190
381,Raju381,QA190
382,Raju382,Dev191
383,Raju383,QA191
384,Raju384,Dev192
385,Raju385,QA192
386,Raju386,Dev193
387,Raju387,QA193
388,Raju388,Dev194
389,Raju389,QA194
390,Raju390,Dev195
391,Raju391,QA195
392,Raju392,Dev196
393,Raju393,QA196
394,Raju394,Dev197
395,Raju395,QA197
396,Raju396,Dev198
397,Raju397,QA198
398,Raju398,Dev199
399,Raju399,QA199
400,Raju400,Dev200
401,Raju401,QA200
402,Raju402,Dev201
403,Raju403,QA201
404,Raju404,Dev202
405,Raju405,QA202
406,Raju406,Dev203
407,Raju407,QA203
408,Raju408,Dev204
409,Raju409,QA204
410,Raju410,Dev205
411,Raju411,QA205
412,Raju412,Dev206
413,Raju413,QA206
414,Raju414,Dev207
415,Raju415,QA207
416,Raju416,Dev208
417,Raju417,QA208
418,Raju418,Dev209
419,Raju419,QA209
420,Raju420,Dev210
421,Raju421,QA210
422,Raju422,Dev211
423,Raju423,QA211
424,Raju424,Dev212
425,Raju425,QA212
426,Raju426,Dev213
427,Raju427,QA213
428,Raju428,Dev214
429,Raju429,QA214
430,Raju430,Dev215
431,Raju431,QA215
432,Raju432,Dev216
433,Raju433,QA216
434,Raju434,Dev217
435,Raju435,QA217
436,Raju436,Dev218
437,Raju437,QA218
438,Raju438,Dev219
439,Raju439,QA219
440,Raju440,Dev220
441,Raju441,QA220
442,Raju442,Dev221
443,Raju443,QA221
444,Raju444,Dev222
445,Raju445,QA222
446,Raju446,Dev223
447,Raju447,QA223
448,Raju448,Dev224
449,Raju449,QA224
450,Raju450,Dev225
451,Raju451,QA225
452,Raju452,Dev226
453,Raju453,QA226
454,Raju454,Dev227
455,Raju455,QA227
456,Raju456,Dev228
457,Raju457,QA228
458,Raju458,Dev229
459,Raju459,QA229
460,Raju460,Dev230
461,Raju461,QA230
462,Raju462,Dev231
463,Raju463,QA231
464,Raju464,Dev232
465,Raju465,QA232
466,Raju466,Dev233
467,Raju467,QA233
468,Raju468,Dev234
469,Raju469,QA234
470,Raju470,Dev235
471,Raju471,QA235
472,Raju472,Dev236
473,Raju473,QA236
474,Raju474,Dev237
475,Raju475,QA237
476,Raju476,Dev238
477,Raju477,QA238
478,Raju478,Dev239
479,Raju479,QA239
480,Raju480,Dev240
481,Raju481,QA240
482,Raju482,Dev241
483,Raju483,QA241
484,Raju484,Dev242
485,Raju485,QA242
486,Raju486,Dev243
487,Raju487,QA243
488,Raju488,Dev244
489,Raju489,QA244
490,Raju490,Dev245
491,Raju491,QA245
492,Raju492,Dev246
493,Raju493,QA246
494,Raju494,Dev247
495,Raju495,QA247
496,Raju496,Dev248
497,Raju497,QA248
498,Raju498,Dev249
499,Raju499,QA249
500,Raju500,Dev250
501,Raju501,QA250
502,Raju502,Dev251
503,Raju503,QA251
504,Raju504,Dev252
505,Raju505,QA252
506,Raju506,Dev253
507,Raju507,QA253
508,Raju508,Dev254
509,Raju509,QA254
510,Raju510,Dev255
511,Raju511,QA255
512,Raju512,Dev256
513,Raju513,QA256
514,Raju514,Dev257
515,Raju515,QA257
516,Raju516,Dev258
517,Raju517,QA258
518,Raju518,Dev259
519,Raju519,QA259
520,Raju520,Dev260
521,Raju521,QA260
522,Raju522,Dev261
523,Raju523,QA261
524,Raju524,Dev262
525,Raju525,QA262
526,Raju526,Dev263
527,Raju527,QA263
528,Raju528,Dev264
529,Raju529,QA264
530,Raju530,Dev265
531,Raju531,QA265
532,Raju532,Dev266
533,Raju533,QA266
534,Raju534,Dev267
535,Raju535,QA267
536,Raju536,Dev268
537,Raju537,QA268
538,Raju538,Dev269
539,Raju539,QA269
540,Raju540,Dev270
541,Raju541,QA270
542,Raju542,Dev271
543,Raju543,QA271
544,Raju544,Dev272
545,Raju545,QA272
546,Raju546,Dev273
547,Raju547,QA273
548,Raju548,Dev274
549,Raju549,QA274
550,Raju550,Dev275
551,Raju551,QA275
552,Raju552,Dev276
553,Raju553,QA276
554,Raju554,Dev277
555,Raju555,QA277
556,Raju556,Dev278
557,Raju557,QA278
558,Raju558,Dev279
559,Raju559,QA279
560,Raju560,Dev280
561,Raju561,QA280
562,Raju562,Dev281
563,Raju563,QA281
564,Raju564,Dev282
565,Raju565,QA282
566,Raju566,Dev283
567,Raju567,QA283
568,Raju568,Dev284
569,Raju569,QA284
570,Raju570,Dev285
571,Raju571,QA285
572,Raju572,Dev286
573,Raju573,QA286
574,Raju574,Dev287
575,Raju575,QA287
576,Raju576,Dev288
577,Raju577,QA288
578,Raju578,Dev289
579,Raju579,QA289
580,Raju580,Dev290
581,Raju581,QA290
582,Raju582,Dev291
583,Raju583,QA291
584,Raju584,Dev292
585,Raju585,QA292
586,Raju586,Dev293
587,Raju587,QA293
588,Raju588,Dev294
589,Raju589,QA294
590,Raju590,Dev295
591,Raju591,QA295
592,Raju592,Dev296
593,Raju593,QA296
594,Raju594,Dev297
595,Raju595,QA297
596,Raju596,Dev298
597,Raju597,QA298
598,Raju598,Dev299
599,Raju599,QA299
600,Raju600,Dev300
601,Raju601,QA300
602,Raju602,Dev301
603,Raju603,QA301
604,Raju604,Dev302
605,Raju605,QA302
606,Raju606,Dev303
607,Raju607,QA303
608,Raju608,Dev304
609,Raju609,QA304
610,Raju610,Dev305
611,Raju611,QA305
612,Raju612,Dev306
613,Raju613,QA306
614,Raju614,Dev307
615,Raju615,QA307
616,Raju616,Dev308
617,Raju617,QA308
618,Raju618,Dev309
619,Raju619,QA309
620,Raju620,Dev310
621,Raju621,QA310
622,Raju622,Dev311
623,Raju623,QA311
624,Raju624,Dev312
625,Raju625,QA312
626,Raju626,Dev313
627,Raju627,QA313
628,Raju628,Dev314
629,Raju629,QA314
630,Raju630,Dev315
631,Raju631,QA315
632,Raju632,Dev316
633,Raju633,QA316
634,Raju634,Dev317
635,Raju635,QA317
636,Raju636,Dev318
637,Raju637,QA318
638,Raju638,Dev319
639,Raju639,QA319
640,Raju640,Dev320
641,Raju641,QA320
642,Raju642,Dev321
643,Raju643,QA321
644,Raju644,Dev322
645,Raju645,QA322
646,Raju646,Dev323
647,Raju647,QA323
648,Raju648,Dev324
649,Raju649,QA324
650,Raju650,Dev325
651,Raju651,QA325
652,Raju652,Dev326
653,Raju653,QA326
654,Raju654,Dev327
655,Raju655,QA327
656,Raju656,Dev328
657,Raju657,QA328
658,Raju658,Dev329
659,Raju659,QA329
660,Raju660,Dev330
661,Raju661,QA330
662,Raju662,Dev331
663,Raju663,QA331
664,Raju664,Dev332
665,Raju665,QA332
666,Raju666,Dev333
667,Raju667,QA333
668,Raju668,Dev334
669,Raju669,QA334
670,Raju670,Dev335
671,Raju671,QA335
672,Raju672,Dev336
673,Raju673,QA336
674,Raju674,Dev337
675,Raju675,QA337
676,Raju676,Dev338
677,Raju677,QA338
678,Raju678,Dev339
679,Raju679,QA339
680,Raju680,Dev340
681,Raju681,QA340
682,Raju682,Dev341
683,Raju683,QA341
684,Raju684,Dev342
685,Raju685,QA342
686,Raju686,Dev343
687,Raju687,QA343
688,Raju688,Dev344
689,Raju689,QA344
690,Raju690,Dev345
691,Raju691,QA345
692,Raju692,Dev346
693,Raju693,QA346
694,Raju694,Dev347
695,Raju695,QA347
696,Raju696,Dev348
697,Raju697,QA348
698,Raju698,Dev349
699,Raju699,QA349
700,Raju700,Dev350
701,Raju701,QA350
702,Raju702,Dev351
703,Raju703,QA351
704,Raju704,Dev352
705,Raju705,QA352
706,Raju706,Dev353
707,Raju707,QA353
708,Raju708,Dev354
709,Raju709,QA354
710,Raju710,Dev355
711,Raju711,QA355
712,Raju712,Dev356
713,Raju713,QA356
714,Raju714,Dev357
715,Raju715,QA357
716,Raju716,Dev358
717,Raju717,QA358
718,Raju718,Dev359
719,Raju719,QA359
720,Raju720,Dev360
721,Raju721,QA360
722,Raju722,Dev361
723,Raju723,QA361
724,Raju724,Dev362
725,Raju725,QA362
726,Raju726,Dev363
727,Raju727,QA363
728,Raju728,Dev364
729,Raju729,QA364
730,Raju730,Dev365
731,Raju731,QA365
732,Raju732,Dev366
733,Raju733,QA366
734,Raju734,Dev367
735,Raju735,QA367
736,Raju736,Dev368
737,Raju737,QA368
738,Raju738,Dev369
739,Raju739,QA369
740,Raju740,Dev370
741,Raju741,QA370
742,Raju742,Dev371
743,Raju743,QA371
744,Raju744,Dev372
745,Raju745,QA372
746,Raju746,Dev373
747,Raju747,QA373
748,Raju748,Dev374
749,Raju749,QA374
750,Raju750,Dev375
751,Raju751,QA375
752,Raju752,Dev376
753,Raju753,QA376
754,Raju754,Dev377
755,Raju755,QA377
756,Raju756,Dev378
757,Raju757,QA378
758,Raju758,Dev379
759,Raju759,QA379
760,Raju760,Dev380
761,Raju761,QA380
762,Raju762,Dev381
763,Raju763,QA381
764,Raju764,Dev382
765,Raju765,QA382
766,Raju766,Dev383
767,Raju767,QA383
768,Raju768,Dev384
769,Raju769,QA384
770,Raju770,Dev385
771,Raju771,QA385
772,Raju772,Dev386
773,Raju773,QA386
774,Raju774,Dev387
775,Raju775,QA387
776,Raju776,Dev388
777,Raju777,QA388
778,Raju778,Dev389
779,Raju779,QA389
780,Raju780,Dev390
781,Raju781,QA390
782,Raju782,Dev391
783,Raju783,QA391
784,Raju784,Dev392
785,Raju785,QA392
786,Raju786,Dev393
787,Raju787,QA393
788,Raju788,Dev394
789,Raju789,QA394
790,Raju790,Dev395
791,Raju791,QA395
792,Raju792,Dev396
793,Raju793,QA396
794,Raju794,Dev397
795,Raju795,QA397
796,Raju796,Dev398
797,Raju797,QA398
798,Raju798,Dev399
799,Raju799,QA399
800,Raju800,Dev400
801,Raju801,QA400
802,Raju802,Dev401
803,Raju803,QA401
804,Raju804,Dev402
805,Raju805,QA402
806,Raju806,Dev403
807,Raju807,QA403
808,Raju808,Dev404
809,Raju809,QA404
810,Raju810,Dev405
811,Raju811,QA405
812,Raju812,Dev406
813,Raju813,QA406
814,Raju814,Dev407
815,Raju815,QA407
816,Raju816,Dev408
817,Raju817,QA408
818,Raju818,Dev409
819,Raju819,QA409
820,Raju820,Dev410
821,Raju821,QA410
822,Raju822,Dev411
823,Raju823,QA411
824,Raju824,Dev412
825,Raju825,QA412
826,Raju826,Dev413
827,Raju827,QA413
828,Raju828,Dev414
829,Raju829,QA414
830,Raju830,Dev415
831,Raju831,QA415
832,Raju832,Dev416
833,Raju833,QA416
834,Raju834,Dev417
835,Raju835,QA417
836,Raju836,Dev418
837,Raju837,QA418
838,Raju838,Dev419
839,Raju839,QA419
840,Raju840,Dev420
841,Raju841,QA420
842,Raju842,Dev421
843,Raju843,QA421
844,Raju844,Dev422
845,Raju845,QA422
846,Raju846,Dev423
847,Raju847,QA423
848,Raju848,Dev424
849,Raju849,QA424
850,Raju850,Dev425
851,Raju851,QA425
852,Raju852,Dev426
853,Raju853,QA426
854,Raju854,Dev427
855,Raju855,QA427
856,Raju856,Dev428
857,Raju857,QA428
858,Raju858,Dev429
859,Raju859,QA429
860,Raju860,Dev430
861,Raju861,QA430
862,Raju862,Dev431
863,Raju863,QA431
864,Raju864,Dev432
865,Raju865,QA432
866,Raju866,Dev433
867,Raju867,QA433
868,Raju868,Dev434
869,Raju869,QA434
870,Raju870,Dev435
871,Raju871,QA435
872,Raju872,Dev436
873,Raju873,QA436
874,Raju874,Dev437
875,Raju875,QA437
876,Raju876,Dev438
877,Raju877,QA438
878,Raju878,Dev439
879,Raju879,QA439
880,Raju880,Dev440
881,Raju881,QA440
882,Raju882,Dev441
883,Raju883,QA441
884,Raju884,Dev442
885,Raju885,QA442
886,Raju886,Dev443
887,Raju887,QA443
888,Raju888,Dev444
889,Raju889,QA444
890,Raju890,Dev445
891,Raju891,QA445
892,Raju892,Dev446
893,Raju893,QA446
894,Raju894,Dev447
895,Raju895,QA447
896,Raju896,Dev448
897,Raju897,QA448
898,Raju898,Dev449
899,Raju899,QA449
900,Raju900,Dev450
901,Raju901,QA450
902,Raju902,Dev451
903,Raju903,QA451
904,Raju904,Dev452
905,Raju905,QA452
906,Raju906,Dev453
907,Raju907,QA453
908,Raju908,Dev454
909,Raju909,QA454
910,Raju910,Dev455
911,Raju911,QA455
912,Raju912,Dev456
913,Raju913,QA456
914,Raju914,Dev457
915,Raju915,QA457
916,Raju916,Dev458
917,Raju917,QA458
918,Raju918,Dev459
919,Raju919,QA459
920,Raju920,Dev460
921,Raju921,QA460
922,Raju922,Dev461
923,Raju923,QA461
924,Raju924,Dev462
925,Raju925,QA462
926,Raju926,Dev463
927,Raju927,QA463
928,Raju928,Dev464
929,Raju929,QA464
930,Raju930,Dev465
931,Raju931,QA465
932,Raju932,Dev466
933,Raju933,QA466
934,Raju934,Dev467
935,Raju935,QA467
936,Raju936,Dev468
937,Raju937,QA468
938,Raju938,Dev469
939,Raju939,QA469
940,Raju940,Dev470
941,Raju941,QA470
942,Raju942,Dev471
943,Raju943,QA471
944,Raju944,Dev472
945,Raju945,QA472
946,Raju946,Dev473
947,Raju947,QA473
948,Raju948,Dev474
949,Raju949,QA474
950,Raju950,Dev475
951,Raju951,QA475
952,Raju952,Dev476
953,Raju953,QA476
954,Raju954,Dev477
955,Raju955,QA477
956,Raju956,Dev478
957,Raju957,QA478
958,Raju958,Dev479
959,Raju959,QA479
960,Raju960,Dev480
961,Raju961,QA480
962,Raju962,Dev481
963,Raju963,QA481
964,Raju964,Dev482
965,Raju965,QA482
966,Raju966,Dev483
967,Raju967,QA483
968,Raju968,Dev484
969,Raju969,QA484
970,Raju970,Dev485
971,Raju971,QA485
972,Raju972,Dev486
973,Raju973,QA486
974,Raju974,Dev487
975,Raju975,QA487
976,Raju976,Dev488
977,Raju977,QA488
978,Raju978,Dev489
979,Raju979,QA489
980,Raju980,Dev490
981,Raju981,QA490
982,Raju982,Dev491
983,Raju983,QA491
984,Raju984,Dev492
985,Raju985,QA492
986,Raju986,Dev493
987,Raju987,QA493
988,Raju988,Dev494
989,Raju989,QA494
990,Raju990,Dev495
991,Raju991,QA495
992,Raju992,Dev496
993,Raju993,QA496
994,Raju994,Dev497
995,Raju995,QA497
996,Raju996,Dev498
997,Raju997,QA498
998,Raju998,Dev499
999,Raju999,QA499
1000,Raju1000,Dev500
1001,Raju1001,QA500
1002,Raju1002,Dev501
1003,Raju1003,QA501
1004,Raju1004,Dev502
1005,Raju1005,QA502
1006,Raju1006,Dev503
1007,Raju1007,QA503
1008,Raju1008,Dev504
1009,Raju1009,QA504
1010,Raju1010,Dev505
1011,Raju1011,QA505
1012,Raju1012,Dev506
1013,Raju1013,QA506
1014,Raju1014,Dev507
1015,Raju1015,QA507
1016,Raju1016,Dev508
1017,Raju1017,QA508
1018,Raju1018,Dev509
1019,Raju1019,QA509
1020,Raju1020,Dev510
1021,Raju1021,QA510
1022,Raju1022,Dev511
1023,Raju1023,QA511
1024,Raju1024,Dev512
1025,Raju1025,QA512
1026,Raju1026,Dev513
1027,Raju1027,QA513
1028,Raju1028,Dev514
1029,Raju1029,QA514
1030,Raju1030,Dev515
1031,Raju1031,QA515
1032,Raju1032,Dev516
1033,Raju1033,QA516
1034,Raju1034,Dev517
1035,Raju1035,QA517
1036,Raju1036,Dev518
1037,Raju1037,QA518
1038,Raju1038,Dev519
1039,Raju1039,QA519
1040,Raju1040,Dev520
1041,Raju1041,QA520
1042,Raju1042,Dev521
1043,Raju1043,QA521
1044,Raju1044,Dev522
1045,Raju1045,QA522
1046,Raju1046,Dev523
1047,Raju1047,QA523
1048,Raju1048,Dev524
1049,Raju1049,QA524
1050,Raju1050,Dev525
1051,Raju1051,QA525
1052,Raju1052,Dev526
1053,Raju1053,QA526
1054,Raju1054,Dev527
1055,Raju1055,QA527
1056,Raju1056,Dev528
1057,Raju1057,QA528
1058,Raju1058,Dev529
1059,Raju1059,QA529
1060,Raju1060,Dev530
1061,Raju1061,QA530
1062,Raju1062,Dev531
1063,Raju1063,QA531
1064,Raju1064,Dev532
1065,Raju1065,QA532
1066,Raju1066,Dev533
1067,Raju1067,QA533
1068,Raju1068,Dev534
1069,Raju1069,QA534
1070,Raju1070,Dev535
1071,Raju1071,QA535
1072,Raju1072,Dev536
1073,Raju1073,QA536
1074,Raju1074,Dev537
1075,Raju1075,QA537
1076,Raju1076,Dev538
1077,Raju1077,QA538
1078,Raju1078,Dev539
1079,Raju1079,QA539
1080,Raju1080,Dev540
1081,Raju1081,QA540
1082,Raju1082,Dev541
1083,Raju1083,QA541
1084,Raju1084,Dev542
1085,Raju1085,QA542
1086,Raju1086,Dev543
1087,Raju1087,QA543
1088,Raju1088,Dev544
1089,Raju1089,QA544
1090,Raju1090,Dev545
1091,Raju1091,QA545
1092,Raju1092,Dev546
1093,Raju1093,QA546
1094,Raju1094,Dev547
1095,Raju1095,QA547
1096,Raju1096,Dev548
1097,Raju1097,QA548
1098,Raju1098,Dev549
1099,Raju1099,QA549
1100,Raju1100,Dev550
1101,Raju1101,QA550
1102,Raju1102,Dev551
1103,Raju1103,QA551
1104,Raju1104,Dev552
1105,Raju1105,QA552
1106,Raju1106,Dev553
1107,Raju1107,QA553
1108,Raju1108,Dev554
1109,Raju1109,QA554
1110,Raju1110,Dev555
1111,Raju1111,QA555
1112,Raju1112,Dev556
1113,Raju1113,QA556
1114,Raju1114,Dev557
1115,Raju1115,QA557
1116,Raju1116,Dev558
1117,Raju1117,QA558
1118,Raju1118,Dev559
1119,Raju1119,QA559
1120,Raju1120,Dev560
1121,Raju1121,QA560
1122,Raju1122,Dev561
1123,Raju1123,QA561
1124,Raju1124,Dev562
1125,Raju1125,QA562
1126,Raju1126,Dev563
1127,Raju1127,QA563
1128,Raju1128,Dev564
1129,Raju1129,QA564
1130,Raju1130,Dev565
1131,Raju1131,QA565
1132,Raju1132,Dev566
1133,Raju1133,QA566
1134,Raju1134,Dev567
1135,Raju1135,QA567
1136,Raju1136,Dev568
1137,Raju1137,QA568
1138,Raju1138,Dev569
1139,Raju1139,QA569
1140,Raju1140,Dev570
1141,Raju1141,QA570
1142,Raju1142,Dev571
1143,Raju1143,QA571
1144,Raju1144,Dev572
1145,Raju1145,QA572
1146,Raju1146,Dev573
1147,Raju1147,QA573
1148,Raju1148,Dev574
1149,Raju1149,QA574
1150,Raju1150,Dev575
1151,Raju1151,QA575
1152,Raju1152,Dev576
1153,Raju1153,QA576
1154,Raju1154,Dev577
1155,Raju1155,QA577
1156,Raju1156,Dev578
1157,Raju1157,QA578
1158,Raju1158,Dev579
1159,Raju1159,QA579
1160,Raju1160,Dev580
1161,Raju1161,QA580
1162,Raju1162,Dev581
1163,Raju1163,QA581
1164,Raju1164,Dev582
1165,Raju1165,QA582
1166,Raju1166,Dev583
1167,Raju1167,QA583
1168,Raju1168,Dev584
1169,Raju1169,QA584
1170,Raju1170,Dev585
1171,Raju1171,QA585
1172,Raju1172,Dev586
1173,Raju1173,QA586
1174,Raju1174,Dev587
1175,Raju1175,QA587
1176,Raju1176,Dev588
1177,Raju1177,QA588
1178,Raju1178,Dev589
1179,Raju1179,QA589
1180,Raju1180,Dev590
1181,Raju1181,QA590
1182,Raju1182,Dev591
1183,Raju1183,QA591
1184,Raju1184,Dev592
1185,Raju1185,QA592
1186,Raju1186,Dev593
1187,Raju1187,QA593
1188,Raju1188,Dev594
1189,Raju1189,QA594
1190,Raju1190,Dev595
1191,Raju1191,QA595
1192,Raju1192,Dev596
1193,Raju1193,QA596
1194,Raju1194,Dev597
1195,Raju1195,QA597
1196,Raju1196,Dev598
1197,Raju1197,QA598
1198,Raju1198,Dev599
1199,Raju1199,QA599
1200,Raju1200,Dev600
1201,Raju1201,QA600
1202,Raju1202,Dev601
1203,Raju1203,QA601
1204,Raju1204,Dev602
1205,Raju1205,QA602
1206,Raju1206,Dev603
1207,Raju1207,QA603
1208,Raju1208,Dev604
1209,Raju1209,QA604
1210,Raju1210,Dev605
1211,Raju1211,QA605
1212,Raju1212,Dev606
1213,Raju1213,QA606
1214,Raju1214,Dev607
1215,Raju1215,QA607
1216,Raju1216,Dev608
1217,Raju1217,QA608
1218,Raju1218,Dev609
1219,Raju1219,QA609
1220,Raju1220,Dev610
1221,Raju1221,QA610
1222,Raju1222,Dev611
1223,Raju1223,QA611
1224,Raju1224,Dev612
1225,Raju1225,QA612
1226,Raju1226,Dev613
1227,Raju1227,QA613
1228,Raju1228,Dev614
1229,Raju1229,QA614
1230,Raju1230,Dev615
1231,Raju1231,QA615
1232,Raju1232,Dev616
1233,Raju1233,QA616
1234,Raju1234,Dev617
1235,Raju1235,QA617
1236,Raju1236,Dev618
1237,Raju1237,QA618
1238,Raju1238,Dev619
1239,Raju1239,QA619
1240,Raju1240,Dev620
1241,Raju1241,QA620
